[
 {
  "RuleID": "generic-api-key",
  "Description": "Detected a Generic API Key, potentially exposing access to various services and sensitive operations.",
  "StartLine": 130,
  "EndLine": 130,
  "StartColumn": 11,
  "EndColumn": 68,
  "Match": "hashed_secret\": \"459b0c0e20cff984f76c64991b8822bef3eada41\"",
  "Secret": "459b0c0e20cff984f76c64991b8822bef3eada41",
  "File": ".secrets.baseline",
  "SymlinkFile": "",
  "Commit": "",
  "Entropy": 3.858695,
  "Author": "",
  "Email": "",
  "Date": "",
  "Message": "",
  "Tags": [],
  "Fingerprint": ".secrets.baseline:generic-api-key:130"
 },
 {
  "RuleID": "generic-api-key",
  "Description": "Detected a Generic API Key, potentially exposing access to various services and sensitive operations.",
  "StartLine": 139,
  "EndLine": 139,
  "StartColumn": 11,
  "EndColumn": 68,
  "Match": "hashed_secret\": \"a54b741f9510f946f56246022301388457416fe1\"",
  "Secret": "a54b741f9510f946f56246022301388457416fe1",
  "File": ".secrets.baseline",
  "SymlinkFile": "",
  "Commit": "",
  "Entropy": 3.6061983,
  "Author": "",
  "Email": "",
  "Date": "",
  "Message": "",
  "Tags": [],
  "Fingerprint": ".secrets.baseline:generic-api-key:139"
 },
 {
  "RuleID": "generic-api-key",
  "Description": "Detected a Generic API Key, potentially exposing access to various services and sensitive operations.",
  "StartLine": 146,
  "EndLine": 146,
  "StartColumn": 11,
  "EndColumn": 68,
  "Match": "hashed_secret\": \"5a6d1c612954979ea99ee33dbb2d231b00f6ac0a\"",
  "Secret": "5a6d1c612954979ea99ee33dbb2d231b00f6ac0a",
  "File": ".secrets.baseline",
  "SymlinkFile": "",
  "Commit": "",
  "Entropy": 3.7807095,
  "Author": "",
  "Email": "",
  "Date": "",
  "Message": "",
  "Tags": [],
  "Fingerprint": ".secrets.baseline:generic-api-key:146"
 },
 {
  "RuleID": "generic-api-key",
  "Description": "Detected a Generic API Key, potentially exposing access to various services and sensitive operations.",
  "StartLine": 155,
  "EndLine": 155,
  "StartColumn": 11,
  "EndColumn": 68,
  "Match": "hashed_secret\": \"459b0c0e20cff984f76c64991b8822bef3eada41\"",
  "Secret": "459b0c0e20cff984f76c64991b8822bef3eada41",
  "File": ".secrets.baseline",
  "SymlinkFile": "",
  "Commit": "",
  "Entropy": 3.858695,
  "Author": "",
  "Email": "",
  "Date": "",
  "Message": "",
  "Tags": [],
  "Fingerprint": ".secrets.baseline:generic-api-key:155"
 },
 {
  "RuleID": "generic-api-key",
  "Description": "Detected a Generic API Key, potentially exposing access to various services and sensitive operations.",
  "StartLine": 164,
  "EndLine": 164,
  "StartColumn": 11,
  "EndColumn": 68,
  "Match": "hashed_secret\": \"51bdd24156132d44ca33a7760c30f2f4f8930ec6\"",
  "Secret": "51bdd24156132d44ca33a7760c30f2f4f8930ec6",
  "File": ".secrets.baseline",
  "SymlinkFile": "",
  "Commit": "",
  "Entropy": 3.8495817,
  "Author": "",
  "Email": "",
  "Date": "",
  "Message": "",
  "Tags": [],
  "Fingerprint": ".secrets.baseline:generic-api-key:164"
 },
 {
  "RuleID": "generic-api-key",
  "Description": "Detected a Generic API Key, potentially exposing access to various services and sensitive operations.",
  "StartLine": 171,
  "EndLine": 171,
  "StartColumn": 11,
  "EndColumn": 68,
  "Match": "hashed_secret\": \"1663419d4c5ab66c4b655b30adc9c030f2cfaed6\"",
  "Secret": "1663419d4c5ab66c4b655b30adc9c030f2cfaed6",
  "File": ".secrets.baseline",
  "SymlinkFile": "",
  "Commit": "",
  "Entropy": 3.6618373,
  "Author": "",
  "Email": "",
  "Date": "",
  "Message": "",
  "Tags": [],
  "Fingerprint": ".secrets.baseline:generic-api-key:171"
 },
 {
  "RuleID": "generic-api-key",
  "Description": "Detected a Generic API Key, potentially exposing access to various services and sensitive operations.",
  "StartLine": 178,
  "EndLine": 178,
  "StartColumn": 11,
  "EndColumn": 68,
  "Match": "hashed_secret\": \"8ff375f4aa0d1f703470aebde58745fd0f2f49ae\"",
  "Secret": "8ff375f4aa0d1f703470aebde58745fd0f2f49ae",
  "File": ".secrets.baseline",
  "SymlinkFile": "",
  "Commit": "",
  "Entropy": 3.5740244,
  "Author": "",
  "Email": "",
  "Date": "",
  "Message": "",
  "Tags": [],
  "Fingerprint": ".secrets.baseline:generic-api-key:178"
 },
 {
  "RuleID": "generic-api-key",
  "Description": "Detected a Generic API Key, potentially exposing access to various services and sensitive operations.",
  "StartLine": 185,
  "EndLine": 185,
  "StartColumn": 11,
  "EndColumn": 68,
  "Match": "hashed_secret\": \"410f4c6ada70c16c6d4157d9a1ad63fecea80c39\"",
  "Secret": "410f4c6ada70c16c6d4157d9a1ad63fecea80c39",
  "File": ".secrets.baseline",
  "SymlinkFile": "",
  "Commit": "",
  "Entropy": 3.6537018,
  "Author": "",
  "Email": "",
  "Date": "",
  "Message": "",
  "Tags": [],
  "Fingerprint": ".secrets.baseline:generic-api-key:185"
 },
 {
  "RuleID": "generic-api-key",
  "Description": "Detected a Generic API Key, potentially exposing access to various services and sensitive operations.",
  "StartLine": 192,
  "EndLine": 192,
  "StartColumn": 11,
  "EndColumn": 68,
  "Match": "hashed_secret\": \"9f2ed1a13da6c3fedcc2d0216ec378eeb1a1240c\"",
  "Secret": "9f2ed1a13da6c3fedcc2d0216ec378eeb1a1240c",
  "File": ".secrets.baseline",
  "SymlinkFile": "",
  "Commit": "",
  "Entropy": 3.6634607,
  "Author": "",
  "Email": "",
  "Date": "",
  "Message": "",
  "Tags": [],
  "Fingerprint": ".secrets.baseline:generic-api-key:192"
 },
 {
  "RuleID": "generic-api-key",
  "Description": "Detected a Generic API Key, potentially exposing access to various services and sensitive operations.",
  "StartLine": 199,
  "EndLine": 199,
  "StartColumn": 11,
  "EndColumn": 68,
  "Match": "hashed_secret\": \"2e72f787f3faa13c80339ff75b2994472bece906\"",
  "Secret": "2e72f787f3faa13c80339ff75b2994472bece906",
  "File": ".secrets.baseline",
  "SymlinkFile": "",
  "Commit": "",
  "Entropy": 3.722574,
  "Author": "",
  "Email": "",
  "Date": "",
  "Message": "",
  "Tags": [],
  "Fingerprint": ".secrets.baseline:generic-api-key:199"
 },
 {
  "RuleID": "generic-api-key",
  "Description": "Detected a Generic API Key, potentially exposing access to various services and sensitive operations.",
  "StartLine": 206,
  "EndLine": 206,
  "StartColumn": 11,
  "EndColumn": 68,
  "Match": "hashed_secret\": \"5a6d1c612954979ea99ee33dbb2d231b00f6ac0a\"",
  "Secret": "5a6d1c612954979ea99ee33dbb2d231b00f6ac0a",
  "File": ".secrets.baseline",
  "SymlinkFile": "",
  "Commit": "",
  "Entropy": 3.7807095,
  "Author": "",
  "Email": "",
  "Date": "",
  "Message": "",
  "Tags": [],
  "Fingerprint": ".secrets.baseline:generic-api-key:206"
 },
 {
  "RuleID": "generic-api-key",
  "Description": "Detected a Generic API Key, potentially exposing access to various services and sensitive operations.",
  "StartLine": 10,
  "EndLine": 10,
  "StartColumn": 5,
  "EndColumn": 55,
  "Match": "Secret\": \"459b0c0e20cff984f76c64991b8822bef3eada41\"",
  "Secret": "459b0c0e20cff984f76c64991b8822bef3eada41",
  "File": "gitleaks-report.json",
  "SymlinkFile": "",
  "Commit": "",
  "Entropy": 3.858695,
  "Author": "",
  "Email": "",
  "Date": "",
  "Message": "",
  "Tags": [],
  "Fingerprint": "gitleaks-report.json:generic-api-key:10"
 },
 {
  "RuleID": "generic-api-key",
  "Description": "Detected a Generic API Key, potentially exposing access to various services and sensitive operations.",
  "StartLine": 30,
  "EndLine": 30,
  "StartColumn": 5,
  "EndColumn": 55,
  "Match": "Secret\": \"a54b741f9510f946f56246022301388457416fe1\"",
  "Secret": "a54b741f9510f946f56246022301388457416fe1",
  "File": "gitleaks-report.json",
  "SymlinkFile": "",
  "Commit": "",
  "Entropy": 3.6061983,
  "Author": "",
  "Email": "",
  "Date": "",
  "Message": "",
  "Tags": [],
  "Fingerprint": "gitleaks-report.json:generic-api-key:30"
 },
 {
  "RuleID": "generic-api-key",
  "Description": "Detected a Generic API Key, potentially exposing access to various services and sensitive operations.",
  "StartLine": 50,
  "EndLine": 50,
  "StartColumn": 5,
  "EndColumn": 55,
  "Match": "Secret\": \"5a6d1c612954979ea99ee33dbb2d231b00f6ac0a\"",
  "Secret": "5a6d1c612954979ea99ee33dbb2d231b00f6ac0a",
  "File": "gitleaks-report.json",
  "SymlinkFile": "",
  "Commit": "",
  "Entropy": 3.7807095,
  "Author": "",
  "Email": "",
  "Date": "",
  "Message": "",
  "Tags": [],
  "Fingerprint": "gitleaks-report.json:generic-api-key:50"
 },
 {
  "RuleID": "generic-api-key",
  "Description": "Detected a Generic API Key, potentially exposing access to various services and sensitive operations.",
  "StartLine": 70,
  "EndLine": 70,
  "StartColumn": 5,
  "EndColumn": 55,
  "Match": "Secret\": \"459b0c0e20cff984f76c64991b8822bef3eada41\"",
  "Secret": "459b0c0e20cff984f76c64991b8822bef3eada41",
  "File": "gitleaks-report.json",
  "SymlinkFile": "",
  "Commit": "",
  "Entropy": 3.858695,
  "Author": "",
  "Email": "",
  "Date": "",
  "Message": "",
  "Tags": [],
  "Fingerprint": "gitleaks-report.json:generic-api-key:70"
 },
 {
  "RuleID": "generic-api-key",
  "Description": "Detected a Generic API Key, potentially exposing access to various services and sensitive operations.",
  "StartLine": 90,
  "EndLine": 90,
  "StartColumn": 5,
  "EndColumn": 55,
  "Match": "Secret\": \"51bdd24156132d44ca33a7760c30f2f4f8930ec6\"",
  "Secret": "51bdd24156132d44ca33a7760c30f2f4f8930ec6",
  "File": "gitleaks-report.json",
  "SymlinkFile": "",
  "Commit": "",
  "Entropy": 3.8495817,
  "Author": "",
  "Email": "",
  "Date": "",
  "Message": "",
  "Tags": [],
  "Fingerprint": "gitleaks-report.json:generic-api-key:90"
 },
 {
  "RuleID": "generic-api-key",
  "Description": "Detected a Generic API Key, potentially exposing access to various services and sensitive operations.",
  "StartLine": 110,
  "EndLine": 110,
  "StartColumn": 5,
  "EndColumn": 55,
  "Match": "Secret\": \"1663419d4c5ab66c4b655b30adc9c030f2cfaed6\"",
  "Secret": "1663419d4c5ab66c4b655b30adc9c030f2cfaed6",
  "File": "gitleaks-report.json",
  "SymlinkFile": "",
  "Commit": "",
  "Entropy": 3.6618373,
  "Author": "",
  "Email": "",
  "Date": "",
  "Message": "",
  "Tags": [],
  "Fingerprint": "gitleaks-report.json:generic-api-key:110"
 },
 {
  "RuleID": "generic-api-key",
  "Description": "Detected a Generic API Key, potentially exposing access to various services and sensitive operations.",
  "StartLine": 130,
  "EndLine": 130,
  "StartColumn": 5,
  "EndColumn": 55,
  "Match": "Secret\": \"8ff375f4aa0d1f703470aebde58745fd0f2f49ae\"",
  "Secret": "8ff375f4aa0d1f703470aebde58745fd0f2f49ae",
  "File": "gitleaks-report.json",
  "SymlinkFile": "",
  "Commit": "",
  "Entropy": 3.5740244,
  "Author": "",
  "Email": "",
  "Date": "",
  "Message": "",
  "Tags": [],
  "Fingerprint": "gitleaks-report.json:generic-api-key:130"
 },
 {
  "RuleID": "generic-api-key",
  "Description": "Detected a Generic API Key, potentially exposing access to various services and sensitive operations.",
  "StartLine": 150,
  "EndLine": 150,
  "StartColumn": 5,
  "EndColumn": 55,
  "Match": "Secret\": \"410f4c6ada70c16c6d4157d9a1ad63fecea80c39\"",
  "Secret": "410f4c6ada70c16c6d4157d9a1ad63fecea80c39",
  "File": "gitleaks-report.json",
  "SymlinkFile": "",
  "Commit": "",
  "Entropy": 3.6537018,
  "Author": "",
  "Email": "",
  "Date": "",
  "Message": "",
  "Tags": [],
  "Fingerprint": "gitleaks-report.json:generic-api-key:150"
 },
 {
  "RuleID": "generic-api-key",
  "Description": "Detected a Generic API Key, potentially exposing access to various services and sensitive operations.",
  "StartLine": 170,
  "EndLine": 170,
  "StartColumn": 5,
  "EndColumn": 55,
  "Match": "Secret\": \"9f2ed1a13da6c3fedcc2d0216ec378eeb1a1240c\"",
  "Secret": "9f2ed1a13da6c3fedcc2d0216ec378eeb1a1240c",
  "File": "gitleaks-report.json",
  "SymlinkFile": "",
  "Commit": "",
  "Entropy": 3.6634607,
  "Author": "",
  "Email": "",
  "Date": "",
  "Message": "",
  "Tags": [],
  "Fingerprint": "gitleaks-report.json:generic-api-key:170"
 },
 {
  "RuleID": "generic-api-key",
  "Description": "Detected a Generic API Key, potentially exposing access to various services and sensitive operations.",
  "StartLine": 190,
  "EndLine": 190,
  "StartColumn": 5,
  "EndColumn": 55,
  "Match": "Secret\": \"2e72f787f3faa13c80339ff75b2994472bece906\"",
  "Secret": "2e72f787f3faa13c80339ff75b2994472bece906",
  "File": "gitleaks-report.json",
  "SymlinkFile": "",
  "Commit": "",
  "Entropy": 3.722574,
  "Author": "",
  "Email": "",
  "Date": "",
  "Message": "",
  "Tags": [],
  "Fingerprint": "gitleaks-report.json:generic-api-key:190"
 },
 {
  "RuleID": "generic-api-key",
  "Description": "Detected a Generic API Key, potentially exposing access to various services and sensitive operations.",
  "StartLine": 210,
  "EndLine": 210,
  "StartColumn": 5,
  "EndColumn": 55,
  "Match": "Secret\": \"5a6d1c612954979ea99ee33dbb2d231b00f6ac0a\"",
  "Secret": "5a6d1c612954979ea99ee33dbb2d231b00f6ac0a",
  "File": "gitleaks-report.json",
  "SymlinkFile": "",
  "Commit": "",
  "Entropy": 3.7807095,
  "Author": "",
  "Email": "",
  "Date": "",
  "Message": "",
  "Tags": [],
  "Fingerprint": "gitleaks-report.json:generic-api-key:210"
 }
]
